Environment,Mean Policy Variance,Max Policy Variance,Median Policy Variance
CartPole-0,0.006446626,0.123900294,6.507256e-10
CartPole-1,0.0017458159,0.0037588105,0.002263696
CartPole-2,0.0036454215,0.04037822,3.8255116e-08
CartPole-3,0.0017318147,0.0070987465,0.0015612718
